{
    "linear_regression": {
        "client_data1": [
            0.46848507480688484,
            0.46848507480688484,
            0.46848507480688484,
            0.46848507480688484
        ],
        "client_time1": [
            0.01834340000004886,
            0.010407199999463046,
            0.018579399999907764,
            0.011517199999616423
        ],
        "client_data2": [
            0.4725880315846257,
            0.4725880315846257,
            0.4725880315846257,
            0.4725880315846257
        ],
        "client_time2": [
            0.01544819999980973,
            0.02181380000001809,
            0.01861780000035651,
            0.01580889999968349
        ],
        "client_data3": [
            0.4706172106487164,
            0.4706172106487164,
            0.4706172106487164,
            0.4706172106487164
        ],
        "client_time3": [
            0.01675950000026205,
            0.015130199999475735,
            0.014893100000335835,
            0.015005000000201107
        ],
        "client_data4": [
            0.47468709933114706,
            0.47468709933114706,
            0.47468709933114706,
            0.47468709933114706
        ],
        "client_time4": [
            0.01558619999923394,
            0.014738599999873259,
            0.014350899999953981,
            0.01621660000000702
        ],
        "client_data5": [
            0.47807292340248186,
            0.47807292340248186,
            0.47807292340248186,
            0.47807292340248186
        ],
        "client_time5": [
            0.021639999999933934,
            0.013502800000424031,
            0.015172899999924994,
            0.0230649999994057
        ],
        "client_data10": [
            0.4754176410718814,
            0.4754176410718814,
            0.4754176410718814,
            0.4754176410718814
        ],
        "client_time10": [
            0.015522400000008929,
            0.022154199999931734,
            0.01629179999963526,
            0.014036300000043411
        ]
    },
    "linearSVR": {
        "client_data1": [
            0.470837003669371,
            0.47083368406498355,
            0.47070790453931405,
            0.4708377620785725
        ],
        "client_time1": [
            0.27223679999951855,
            0.39074799999980314,
            0.3017205999994985,
            0.3025834999998551
        ],
        "client_data2": [
            0.4712015778318436,
            0.4710027243990028,
            0.4711305214931579,
            0.47112316889435163
        ],
        "client_time2": [
            0.28960559999995894,
            0.2853192000002309,
            0.29896069999995234,
            0.2692735000000539
        ],
        "client_data3": [
            0.46780603986281166,
            0.4677929822467748,
            0.46784699333312063,
            0.46789347559472716
        ],
        "client_time3": [
            0.324248500000067,
            0.3174495000002935,
            0.3428100999999515,
            0.3106543000003512
        ],
        "client_data4": [
            0.46891171312767066,
            0.46882087025008007,
            0.46878226730127026,
            0.46883460911947206
        ],
        "client_time4": [
            0.3340010000001712,
            0.3143473999998605,
            0.36205729999983305,
            0.3222483999998076
        ],
        "client_data5": [
            0.47140522935967255,
            0.4715322154346897,
            0.4715818260115044,
            0.4714620170405391
        ],
        "client_time5": [
            0.30550289999973756,
            0.3064009999998234,
            0.34438219999992725,
            0.30177589999948395
        ],
        "client_data10": [
            0.4697549961592088,
            0.46964554515156515,
            0.46968833903758817,
            0.46982902958658734
        ],
        "client_time10": [
            0.3030549000004612,
            0.2974671000001763,
            0.35634589999972377,
            0.277160399999957
        ]
    },
    "MLP": {
        "client_data1": [
            0.4959135629479483,
            0.4902524268413104,
            0.5025666700320793,
            0.49542178028009193
        ],
        "client_time1": [
            13.033838000000287,
            11.615313799999967,
            11.483624200000122,
            11.462418300000536
        ],
        "client_data2": [
            0.4953703391077478,
            0.5005844001476375,
            0.5039296497623538,
            0.49083556029037234
        ],
        "client_time2": [
            11.459044499999436,
            11.466643899999326,
            11.734163800000715,
            11.453220000000329
        ],
        "client_data3": [
            0.4934492847857913,
            0.48684290433410427,
            0.5171799009375752,
            0.5014453453771728
        ],
        "client_time3": [
            11.86792190000051,
            11.747859699999935,
            11.981810599999335,
            12.471474200000557
        ],
        "client_data4": [
            0.4869782819927151,
            0.4971215148565539,
            0.49616836441591267,
            0.49658111981681957
        ],
        "client_time4": [
            11.750915100000384,
            11.577144500000031,
            11.710846300000412,
            11.567903900000601
        ],
        "client_data5": [
            0.5025336806697305,
            0.49900802940111133,
            0.49034474259618444,
            0.49451503162504507
        ],
        "client_time5": [
            11.55894679999983,
            11.60226160000002,
            11.643525499999669,
            11.5613843000001
        ],
        "client_data10": [
            0.49981655867502156,
            0.5006531589041253,
            0.4943514632022234,
            0.4919334512944668
        ],
        "client_time10": [
            11.478854299999512,
            11.449754100000064,
            11.659372299999632,
            11.534494200000154
        ]
    },
    "LSTM": {
        "client_data1": [
            0.47887943943215394,
            0.4763934198024816,
            0.47271987423483935,
            0.4742233769592396
        ],
        "client_time1": [
            33.62904849999995,
            33.539985100000195,
            33.7529113999999,
            37.405102000000625
        ],
        "client_data2": [
            0.47853053675343543,
            0.4756571769884956,
            0.48227237029519765,
            0.47785609634337334
        ],
        "client_time2": [
            38.516369200000554,
            37.66933179999978,
            37.6004767000004,
            38.85023939999974
        ],
        "client_data3": [
            0.4750162013801547,
            0.48248184501553304,
            0.47445969361363666,
            0.4771223131234
        ],
        "client_time3": [
            42.96165440000004,
            42.07638330000009,
            43.795463700000255,
            42.57967210000061
        ],
        "client_data4": [
            0.48098792471966945,
            0.4767085063357711,
            0.47551781041390295,
            0.4814131366673564
        ],
        "client_time4": [
            38.78536919999988,
            39.703836200000296,
            39.3891107999998,
            39.8610520000002
        ],
        "client_data5": [
            0.483762509103285,
            0.4850376715284997,
            0.47923462827776414,
            0.4770374205354331
        ],
        "client_time5": [
            41.863341299999774,
            41.60511630000019,
            46.420248500000525,
            38.9460111999997
        ],
        "client_data10": [
            0.4786146106287805,
            0.4775741035698302,
            0.4868178051066845,
            0.4769987329670912
        ],