{
    "linear_regression": {
        "client_data1": [
            0.22226986762342818,
            0.22226986762342818,
            0.22226986762342818,
            0.22226986762342818
        ],
        "client_time1": [
            0.010938700001133839,
            0.015446700002939906,
            0.015393199999380158,
            0.015276199999789242
        ],
        "client_data2": [
            0.2233018754915262,
            0.2233018754915262,
            0.2233018754915262,
            0.2233018754915262
        ],
        "client_time2": [
            0.016511000001628418,
            0.01930709999942337,
            0.01460629999928642,
            0.01343059999999241
        ],
        "client_data3": [
            0.22402072404515536,
            0.22402072404515536,
            0.22402072404515536,
            0.22402072404515536
        ],
        "client_time3": [
            0.021222900002612732,
            0.029146000000764616,
            0.015326799999456853,
            0.015049400000862079
        ],
        "client_data4": [
            0.23075944442179427,
            0.23075944442179427,
            0.23075944442179427,
            0.23075944442179427
        ],
        "client_time4": [
            0.012161400001787115,
            0.014056199997867225,
            0.021031000000220956,
            0.016272700002446072
        ]
    },
    "linearSVR": {
        "client_data1": [
            0.21178275564037977,
            0.21174851529578176,
            0.21167294178610363,
            0.21175356346115462
        ],
        "client_time1": [
            0.15286199999900418,
            0.16407479999907082,
            0.16906569999991916,
            0.16738360000090324
        ],
        "client_data2": [
            0.21601989002233654,
            0.2160015635801747,
            0.21582684276965564,
            0.21604126084985567
        ],
        "client_time2": [
            0.16348550000111572,
            0.140824000001885,
            0.14476340000328491,
            0.1550771000001987
        ],
        "client_data3": [
            0.21851816388274403,
            0.218487349899268,
            0.21843827976060204,
            0.21846657804364022
        ],
        "client_time3": [
            0.17903930000102264,
            0.17368490000080783,
            0.1589856000027794,
            0.17003330000079586
        ],
        "client_data4": [
            0.2252815759302222,
            0.22541416051084956,
            0.22531756099473235,
            0.22532364366323276
        ],
        "client_time4": [
            0.16386899999997695,
            0.1652581000016653,
            0.1587136999987706,
            0.22827630000028876
        ]
    },
    "MLP": {
        "client_data1": [
            0.22977905168046397,
            0.22641964370002443,
            0.23057734434802643,
            0.22437518635574263
        ],
        "client_time1": [
            13.254807599998458,
            13.609527900000103,
            14.351678800001537,
            12.647263499999099
        ],
        "client_data2": [
            0.24458322342359146,
            0.22170200700428733,
            0.24221165069593978,
            0.22388613345617708
        ],
        "client_time2": [
            12.71826300000248,
            12.788043200001994,
            12.410610099999758,
            12.382487999999285
        ],
        "client_data3": [
            0.22638890562486405,
            0.23458081996892152,
            0.22550692138382594,
            0.22424588067905377
        ],
        "client_time3": [
            12.596157899999525,
            12.510209500000201,
            12.469074500000715,
            12.265297300000384
        ],
        "client_data4": [
            0.2296164550013079,
            0.2376300755767806,
            0.2315094784888215,
            0.2390193307325498
        ],
        "client_time4": [
            13.775882699999784,
            12.80028410000159,
            13.639204600000085,
            13.627800000002026
        ]
    },
    "LSTM": {
        "client_data1": [
            0.21520818921287543,
            0.2140297442014752,
            0.21317731786543134,
            0.21431682369899693
        ],
        "client_time1": [
            35.526718700002675,
            30.518918299996585,
            30.738943100001052,
            30.107290200001444
        ],
        "client_data2": [
            0.22632858930131114,
            0.21730312822147177,
            0.21874227362962723,
            0.2151567649713576
        ],
        "client_time2": [
            30.28685469999982,
            36.052985700000136,
            33.269164600002114,
            34.26110409999819
        ],
        "client_data3": [
            0.21917355168027838,
            0.21985067859731128,
            0.2247363449073438,
            0.23358134241761305
        ],
        "client_time3": [
            33.63258399999904,
            33.77354050000213,
            33.886739400000806,
            34.06868289999693
        ],
        "client_data4": [
            0.2263871482535533,
            0.227987591657276,
            0.2259245853747151,
            0.22344434166913307
        ],
        "client_time4": [
            29.78589810000267,
            28.74372200000289,
            28.937568099998316,
            28.86618820000149
        ]
    },
    "CNN": {
        "client_data1": [
            0.2143256090266198,
            0.214747057810444,
            0.21603654559629418,
            0.21589770130836228
        ],
        "client_time1": [
            12.352627100000973,
            11.607077799999388,
            12.040649599999597,
            11.484921999999642
        ],
        "client_data2": [
            0.21988019796371036,
            0.21583091350159714,
            0.2204004492446379,
            0.22320292257608715
        ],
        "client_time2": [
            13.017268200001126,
            11.795526099998824,
            11.418900399999984,
            12.378884600002493
        ],
        "client_data3": [
            0.22522601713019821,
            0.22207323456295977,
            0.22608576211692716,
            0.22040714599309943
        ],
        "client_time3": [
            12.259296300002461,
            12.36376029999883,
            11.403902600002766,
            11.425823900000978
        ],
        "client_data4": [
            0.23831412965076698,
            0.23414983582605595,
            0.22989911107840896,
            0.2308531693733911
        ],
        "client_time4": [
            11.61186870000165,
            16.82137220000004,
            12.443341500002134,
            11.81614069999705
        ]
    }
}