{
    "linear regression": {
        "client_data1": [
            0.46848507480688484,
            0.46848507480688484,
            0.46848507480688484,
            0.46848507480688484,
            0.46848507480688484,
            0.46848507480688484,
            0.46848507480688484,
            0.46848507480688484,
            0.46848507480688484,
            0.46848507480688484,
            0.46848507480688484,
            0.46848507480688484,
            0.46848507480688484,
            0.46848507480688484,
            0.46848507480688484,
            0.46848507480688484,
            0.46848507480688484,
            0.46848507480688484,
            0.46848507480688484,
            0.46848507480688484
        ],
        "client_time1": [
            0.03118199999880744,
            0.013465600000927225,
            0.01240959999995539,
            0.014378300000316813,
            0.032865000001038425,
            0.018640299998878618,
            0.01843600000029255,
            0.01705459999902814,
            0.017839899999671616,
            0.02521820000038133,
            0.01853080000000773,
            0.013564900000346825,
            0.011342800000420539,
            0.012976500000149827,
            0.011974200000622659,
            0.01044240000010177,
            0.01148539999849163,
            0.01120479999917734,
            0.01151179999942542,
            0.012926600000355393
        ],
        "client_data2": [
            0.4725880315846257,
            0.4725880315846257,
            0.4725880315846257,
            0.4725880315846257,
            0.4725880315846257,
            0.4725880315846257,
            0.4725880315846257,
            0.4725880315846257,
            0.4725880315846257,
            0.4725880315846257,
            0.4725880315846257,
            0.4725880315846257,
            0.4725880315846257,
            0.4725880315846257,
            0.4725880315846257,
            0.4725880315846257,
            0.4725880315846257,
            0.4725880315846257,
            0.4725880315846257,
            0.4725880315846257
        ],
        "client_time2": [
            0.018331500001295353,
            0.015056899999763118,
            0.015808199999810313,
            0.017785000000003492,
            0.01512649999858695,
            0.01519920000100683,
            0.01617639999858511,
            0.014818699999523233,
            0.015027600000394159,
            0.01591519999965385,
            0.017359299999952782,
            0.01644020000094315,
            0.015829799998755334,
            0.014595700000427314,
            0.014770300000236603,
            0.017433099999834667,
            0.016068999999333755,
            0.016834199999721022,
            0.016251000000920612,
            0.024208799999541952
        ],
        "client_data3": [
            0.4706172106487164,
            0.4706172106487164,
            0.4706172106487164,
            0.4706172106487164,
            0.4706172106487164,
            0.4706172106487164,
            0.4706172106487164,
            0.4706172106487164,
            0.4706172106487164,
            0.4706172106487164,
            0.4706172106487164,
            0.4706172106487164,
            0.4706172106487164,
            0.4706172106487164,
            0.4706172106487164,
            0.4706172106487164,
            0.4706172106487164,
            0.4706172106487164,
            0.4706172106487164,
            0.4706172106487164
        ],
        "client_time3": [
            0.012738899999021669,
            0.013976099999126745,
            0.015650800000003073,
            0.014484799999991083,
            0.014812900000833906,
            0.013602099999843631,
            0.014271599999119644,
            0.017124500000136322,
            0.014691399999719579,
            0.013067199999568402,
            0.014641699999629054,
            0.019500099999277154,
            0.020141000000876375,
            0.01450730000033218,
            0.013341800000489457,
            0.013663300000189338,
            0.014581999999791151,
            0.018089999999574502,
            0.01736420000088401,
            0.03164180000021588
        ],
        "client_data4": [
            0.47468709933114706,
            0.47468709933114706,
            0.47468709933114706,
            0.47468709933114706,
            0.47468709933114706,
            0.47468709933114706,
            0.47468709933114706,
            0.47468709933114706,
            0.47468709933114706,
            0.47468709933114706,
            0.47468709933114706,
            0.47468709933114706,
            0.47468709933114706,
            0.47468709933114706,
            0.47468709933114706,
            0.47468709933114706,
            0.47468709933114706,
            0.47468709933114706,
            0.47468709933114706,
            0.47468709933114706
        ],
        "client_time4": [
            0.0202778999992006,
            0.016696000000592903,
            0.014350499999636668,
            0.012925799999720766,
            0.01898090000031516,
            0.01699419999931706,
            0.01851349999924423,
            0.018210700000054203,
            0.01547000000027765,
            0.015359999999418505,
            0.014840399999229703,
            0.018190800001320895,
            0.01671369999894523,
            0.01431600000069011,
            0.014568700000381796,
            0.014569200000551064,
            0.012984900000446942,
            0.013756600001215702,
            0.01785539999946195,
            0.014962900000682566
        ],
        "client_data5": [
            0.47807292340248186,
            0.47807292340248186,
            0.47807292340248186,
            0.47807292340248186,
            0.47807292340248186,
            0.47807292340248186,
            0.47807292340248186,
            0.47807292340248186,
            0.47807292340248186,
            0.47807292340248186,
            0.47807292340248186,
            0.47807292340248186,
            0.47807292340248186,
            0.47807292340248186,
            0.47807292340248186,
            0.47807292340248186,
            0.47807292340248186,
            0.47807292340248186,
            0.47807292340248186,
            0.47807292340248186
        ],
        "client_time5": [
            0.014309799998954986,
            0.014091600000028848,
            0.013990999999805354,
            0.015535700000327779,
            0.016257600000244565,
            0.02825019999909273,
            0.014639400000305614,
            0.013335899999219691,
            0.014332700000522891,
            0.01400140000077954,
            0.013360000000830041,
            0.014235700000426732,
            0.015314399999624584,
            0.013735000000451691,
            0.017426700000214623,
            0.015062000000398257,
            0.013848200000211364,
            0.014690199999677134,
            0.015998099999706028,
            0.013692700000319746
        ],
        "client_data10": [
            0.4754176410718814,
            0.4754176410718814,
            0.4754176410718814,
            0.4754176410718814,
            0.4754176410718814,
            0.4754176410718814,
            0.4754176410718814,
            0.4754176410718814,
            0.4754176410718814,
            0.4754176410718814,
            0.4754176410718814,
            0.4754176410718814,
            0.4754176410718814,
            0.4754176410718814,
            0.4754176410718814,
            0.4754176410718814,
            0.4754176410718814,
            0.4754176410718814,
            0.4754176410718814,
            0.4754176410718814
        ],