{"MLP": {"client_data1": [0.024297017387470986, 0.022426009189803153, 0.02459185518382583, 0.02432806727301795], "client_time1": [[547.2120742, 550.0158308, 553.5174664, 556.3077314, 559.2861064, 562.3160853, 565.2787958, 567.8996477, 570.414514, 572.9434016], [575.6638244, 578.3563697, 580.8960252, 583.4521223, 586.0733353, 588.5802739, 591.0829119, 593.5461516, 595.9966264, 598.5698237], [601.2217089, 603.7450796, 606.3623556, 608.8738295, 611.3897696, 613.8505639, 616.2969703, 618.8164024, 621.26394, 623.7150452], [626.4604915, 629.0308533, 631.5411903, 634.0369412, 636.4973005, 638.9388838, 641.3696898, 643.8642879, 646.2995883, 649.0013746]], "client_data2": [0.026644541090354322, 0.02966450735402759, 0.030153811781201512, 0.024513446597848088], "client_time2": [[653.1074504, 655.8522954, 658.6090376, 661.4605063, 664.5112161, 668.8980047, 675.0630768, 679.3881254, 682.5930971, 685.862201], [688.8833417, 691.7778715, 694.589534, 697.3406995, 700.0422965, 702.765438, 705.4368668, 708.1849827, 710.9147211, 713.6299922], [716.5711463, 719.2586925, 721.9865047, 724.6975434, 727.5722203, 730.3575933, 733.0777135, 735.7615243, 738.4621241, 741.1688166], [744.1544746, 746.8512264, 749.5428587, 752.2504354, 754.943279, 757.6841941, 760.4115673, 763.1479722, 765.8313074, 768.5270087]], "client_data3": [0.045125760522205384, 0.03716065681655891, 0.044719015911687164, 0.04812287508975714], "client_time3": [[775.0793905, 780.4436325, 785.6950818, 791.0088354, 796.3770266, 801.8646881, 807.1962601, 812.5073636, 817.6446856, 822.8059457], [828.3932195, 833.6879771, 838.9129903, 844.71642, 850.1489654, 855.4341904, 860.5892226, 865.7553086, 870.9528199, 876.2804679], [882.0689031, 887.6206802, 892.8869023, 898.1124709, 903.3888249, 908.7662875, 913.9034165, 919.0389177, 924.1877407, 929.3826318], [935.0691518, 940.3023482, 945.4816158, 950.6705126, 956.1122852, 961.2146616, 966.4125521, 971.7139807, 976.823559, 981.8945133]], "client_data4": [0.032124511536676434, 0.02973871012800373, 0.030545884824823587, 0.03133768048719503], "client_time4": [[986.0609658, 988.9099086, 991.6851549, 994.3675222, 997.0777446, 999.6976738, 1002.492157, 1005.2288346, 1007.9197857, 1010.5239538], [1013.3798491, 1015.9912445, 1018.594147, 1021.1946162, 1023.8242102, 1026.4391109, 1029.0569292, 1031.6674567, 1034.2703878, 1036.8876918], [1039.7111097, 1042.3307512, 1044.9314687, 1047.5617353, 1050.1736837, 1052.7787515, 1055.4376253, 1058.0288937, 1060.6121067, 1063.2098309], [1066.0733708, 1068.6763922, 1071.2439764, 1073.8238374, 1076.4166661, 1079.0154435, 1081.5875481, 1084.1649656, 1086.7463015, 1089.3349032]]}, "LSTM": {"client_data1": [0.031162533327005804, 0.03279056203900836, 0.030928782679256982, 0.031324138028139714], "client_time1": [[2555.0621558, 2572.4610659, 2589.9047807, 2607.5624381, 2625.0361609, 2642.5695339, 2660.0030308, 2677.4795007, 2694.9054874, 2712.4096855], [2732.0647986, 2749.6786571, 2767.0694409, 2784.4923081, 2802.1613018, 2819.5465523, 2836.9218409, 2854.25422, 2871.7104688, 2889.1005427], [2908.8091557, 2926.3182959, 2943.7296418, 2961.134435, 2978.549195, 2996.0188631, 3013.483302, 3030.9385577, 3048.3445693, 3065.8490853], [3085.5330584, 3102.963764, 3120.4912583, 3137.9250771, 3155.3441526, 3172.8396495, 3190.368924, 3207.8902313, 3225.3868542, 3242.8671497]], "client_data2": [0.03718329385737888, 0.03799683859106153, 0.03799451230443083, 0.037826898170169446], "client_time2": [[3270.8321863, 3295.7757734, 3320.6279946, 3345.2703652, 3370.0740142, 3394.9055157, 3419.5993238, 3444.3396468, 3469.6760185, 3494.5602496], [3522.2044838, 3546.5823532, 3570.972949, 3595.3391731, 3619.8384543, 3644.3004224, 3668.641394, 3693.2944036, 3717.9688378, 3742.727184], [3770.2062055, 3794.6304897, 3819.1260337, 3843.4630548, 3867.89093, 3892.6795482, 3917.4382049, 3942.2372992, 3966.9467459, 3991.7166072], [4019.1512082, 4043.424321, 4068.0469306, 4092.7188446, 4117.5698771, 4142.2185562, 4166.9399101, 4191.65427, 4216.402121, 4241.1423077]], "client_data3": [0.04315941013628617, 0.04177857287577354, 0.04020620269729989, 0.04719249666668475], "client_time3": [[4279.5727219, 4313.324576, 4346.6557017, 4380.0464496, 4413.2280156, 4446.5155492, 4479.7047467, 4513.2514312, 4547.1196021, 4580.857475], [4618.9238336, 4652.1545689, 4685.430302, 4718.7347912, 4751.9661425, 4785.4503365, 4819.1756832, 4852.8716202, 4886.5712952, 4920.0043042], [4958.0382129, 4991.3189418, 5024.7458427, 5058.3195563, 5091.8480443, 5125.6661556, 5159.1862557, 5192.9107457, 5226.4795137, 5260.1334779], [5298.7431725, 5332.3164172, 5366.2000354, 5399.790369, 5433.5274576, 5467.2121944, 5500.7821294, 5534.3551767, 5567.9923402, 5601.6631546]], "client_data4": [0.035436498539274906, 0.033271255024010314, 0.03471984379066271, 0.03548914548009634], "client_time4": [[5631.9413491, 5656.5498561, 5681.1791943, 5705.6885453, 5730.3588802, 5755.0048498, 5779.6585336, 5804.2807846, 5828.9099711, 5853.4914768], [5881.3668776, 5905.9424635, 5930.4837675, 5955.0607673, 5979.6633661, 6004.2363379, 6028.8954388, 6053.4993163, 6078.136346, 6102.6969124], [6130.487457, 6154.9226228, 6179.4333175, 6203.8901765, 6228.3028138, 6252.9931618, 6277.4250728, 6301.8955294, 6326.4570286, 6351.087427], [6378.9962232, 6403.5362576, 6428.0311833, 6452.4183452, 6476.8335756, 6501.3972746, 6525.7998891, 6550.3552206, 6574.738575, 6599.1309825]]}, "CNN": {"client_data1": [0.02486799453035928, 0.024565288046142088, 0.028838095860555767, 0.04396200017799856], "client_time1": [[1971.2484618, 1974.849791, 1978.6559767, 1982.3337984, 1985.962344, 1989.8727768, 1993.9285038, 1997.6813972, 2001.3413699, 2004.8611602], [2008.6785023, 2012.0415525, 2015.3904604, 2018.7613682, 2022.1247603, 2025.4880811, 2028.8509133, 2032.2161419, 2035.5881992, 2038.9548889], [2042.583235, 2045.930866, 2049.316098, 2052.7200455, 2056.0761021, 2059.4409228, 2062.7972167, 2066.1460402, 2069.5054624, 2072.8591846], [2076.5548127, 2079.9204442, 2083.2752879, 2086.636399, 2090.1287256, 2093.5056218, 2096.8738564, 2100.2516978, 2103.6096911, 2107.0487826]], "client_data2": [0.022443318259320222, 0.023767465287528468, 0.022605532480520198, 0.02442478667071555], "client_time2": [[2111.7725094, 2115.2375452, 2118.6022809, 2121.8797839, 2125.1337805, 2128.3762874, 2131.6613846, 2134.9094868, 2138.1972633, 2141.4605762], [2145.0316799, 2148.2929642, 2151.5638134, 2154.8277168, 2158.0944628, 2161.3738355, 2164.6423347, 2167.9180802, 2171.1904702, 2174.458125], [2178.0417522, 2181.3141722, 2184.5760816, 2187.8424817, 2191.1219546, 2194.3766307, 2197.6617934, 2200.9347714, 2204.1992268, 2207.4664058], [2211.0555833, 2214.3205703, 2217.5846147, 2220.8776666, 2224.1367493, 2227.3898657, 2230.6708567, 2233.936537, 2237.1935533, 2240.5012541]], "client_data3": [0.03702458064071834, 0.06259749212767929, 0.036661415465641764, 0.03274798979109619], "client_time3": [[2245.8622278, 2249.9378025, 2253.8958345, 2257.7972512, 2261.6989322, 2265.6017788, 2269.4977026, 2273.4648676, 2277.3765816, 2281.3172346], [2285.5644355, 2289.4771167, 2293.5928072, 2297.4953031, 2301.4658382, 2305.3463389, 2309.2680055, 2313.1735469, 2317.0858016, 2320.9863197], [2325.2238901, 2329.1361507, 2333.0408132, 2336.922267, 2340.8429691, 2344.7138823, 2348.6131876, 2352.5061112, 2356.3832498, 2360.2741197], [2364.5923945, 2368.4917579, 2372.3855239, 2376.2749734, 2380.2004175, 2384.1047947, 2388.0054122, 2391.918927, 2395.8198786, 2399.7255185]], "client_data4": [0.03008746014093049, 0.028037679397311877, 0.03350185430026613, 0.032060342683689666],