{
    "MLP": {
        "client_data1": [
            0.030155902728438377,
            0.029884429648518562,
            0.029225366190075874,
            0.03422020375728607
        ],
        "client_time1": [
            10.163632100000086,
            9.996383400000013,
            10.329425100000208,
            9.109004299999924
        ],
        "client_data2": [
            0.025701459497213364,
            0.03396026790142059,
            0.03449828177690506,
            0.03282500430941582
        ],
        "client_time2": [
            10.235599600000114,
            10.601076999999805,
            10.92430370000011,
            9.987502200000108
        ],
        "client_data3": [
            0.03412971645593643,
            0.03619718179106712,
            0.03159840777516365,
            0.03752148151397705
        ],
        "client_time3": [
            10.346792700000151,
            11.714969999999994,
            10.430455299999721,
            10.685441900000114
        ],
        "client_data4": [
            0.03408583998680115,
            0.03588196635246277,
            0.04006964713335037,
            0.038823001086711884
        ],
        "client_time4": [
            10.577261600000384,
            10.069354200000362,
            10.761803800000052,
            10.826120600000195
        ]
    },
    "LSTM": {
        "client_data1": [
            0.17779149115085602,
            0.14689701795578003,
            0.15111541748046875,
            0.12918023765087128
        ],
        "client_time1": [
            88.92675640000016,
            88.83836880000035,
            90.28439849999995,
            91.4720769000005
        ],
        "client_data2": [
            0.1381331831216812,
            0.1471429169178009,
            0.15106220543384552,
            0.14232541620731354
        ],
        "client_time2": [
            88.68813809999938,
            84.9608191999996,
            80.39496559999952,
            87.8665474999998
        ],
        "client_data3": [
            0.15096598863601685,
            0.13100741803646088,
            0.16435271501541138,
            0.1464722603559494
        ],
        "client_time3": [
            80.36210420000043,
            79.65625009999985,
            82.24167320000015,
            80.34584390000055
        ],
        "client_data4": [
            0.10153942555189133,
            0.12308494001626968,
            0.14710015058517456,
            0.14294755458831787
        ],
        "client_time4": [
            89.63531629999943,
            89.24399780000022,
            81.42827980000038,
            80.74651360000007
        ]
    },
    "CNN": {
        "client_data1": [
            0.08763028681278229,
            0.06632658839225769,
            0.08275166153907776,
            0.1500321328639984
        ],
        "client_time1": [
            30.55210090000037,
            29.936036100000365,
            29.92543250000017,
            29.869242199999917
        ],
        "client_data2": [
            0.11493781954050064,
            0.08123348653316498,
            0.12951979041099548,
            0.08986792713403702
        ],
        "client_time2": [
            30.77371919999996,
            30.170684700000038,
            30.142442100000153,
            30.10939449999978
        ],
        "client_data3": [
            0.0741613432765007,
            0.10362646728754044,
            0.12072645127773285,
            0.05986122414469719
        ],
        "client_time3": [
            30.003570899999886,
            30.048893300000145,
            30.95094590000008,
            30.299611300000834
        ],
        "client_data4": [
            0.12330874055624008,
            0.09956935793161392,
            0.12252846360206604,
            0.03590061515569687
        ],
        "client_time4": [
            30.203352200000154,
            29.881460000000516,
            30.75588119999975,
            30.124279200000274
        ]
    }
}